ts	load1	gui	boot_err	bundles	panel_stale	result
2026-08-17 00:05:00 CST	7.85	200	0	18	0	OK
2026-08-17 00:09:27 CST	9.09	200	0	18	0	OK
2026-08-17 00:10:17 CST	9.30	200	0	18	0	OK
2026-08-17 00:11:28 CST	13.22	200	0	18	0	FAIL(load)
2026-08-17 00:12:10 CST	8.44	200	0	18	0	OK
2026-08-17 00:12:54 CST	9.50	200	0	18	0	OK
2026-08-17 00:13:22 CST	8.76	200	0	18	0	OK
2026-08-17 00:14:03 CST	6.58	200	0	18	0	OK
2026-08-17 00:46:52 CST	2.57	000000	0	18	?	FAIL
2026-08-17 00:47:34 CST	2.94	200	0	18	?	FAIL
2026-08-17 00:48:58 CST	2.80	200	0	18	?	FAIL
2026-08-17 01:00:10 CST	12.98	200	0	18	0	FAIL
2026-08-17 01:01:21 CST	7.59	200	0	18	0	OK
2026-08-17 04:14:06 CST	4.38	200	0	19	0	OK
2026-08-17 04:27:09 CST	6.68	200	0	19	0	OK
2026-08-17 04:31:57 CST	6.95	200	0	19	0	OK
2026-08-17 05:36:39 CST	16.04	200	0	19	7	FAIL
2026-08-17 08:55:05 CST	12.22	200	1	19	0	FAIL
2026-08-18 01:09:57 CST	4.24	200	0	21	?	FAIL
2026-08-18 02:04:20 CST	6.01	200	0	23	0	FAIL
2026-08-18 19:34:50 CST	26.36	200	0	29	0	FAIL
2026-08-18 19:39:20 CST	5.94	200	0	29	0	FAIL
2026-09-04 03:19:41 CST	8.37	200	0	31	1	FAIL
2026-09-09 00:16:22 CST	11.05	200	0	30	0	FAIL
