ts	free_kb	used_pct	bridge_bytes
2026-09-11T00:27:59Z	35455556	93%	78543613535
2026-09-11T00:28:59Z	35365932	93%	78566454487
2026-09-11T00:29:59Z	35316588	93%	78588096250
2026-09-11T00:30:59Z	35239176	93%	78611989284
2026-09-11T00:31:59Z	35171008	93%	78633771544
2026-09-11T00:32:59Z	35828228	92%	78655600854
2026-09-11T00:33:59Z	35841872	92%	78670903575
2026-09-11T00:34:59Z	35770056	92%	78689929611
2026-09-11T00:35:59Z	35674328	92%	78712572432
2026-09-11T00:36:59Z	35578756	93%	78734531481
2026-09-11T00:37:59Z	35483196	93%	78756541775
2026-09-11T00:38:59Z	35405756	93%	78780807501
2026-09-11T00:39:59Z	35376716	93%	78800783443
2026-09-11T00:40:59Z	35306516	93%	78822779641
2026-09-11T00:41:59Z	34213124	93%	78842661181
2026-09-11T00:42:59Z	34121572	93%	78866960841
2026-09-11T00:43:59Z	34040428	93%	78891260501
2026-09-11T00:44:59Z	33972012	93%	78915560161
2026-09-11T00:45:59Z	33889612	93%	78938147799
2026-09-11T00:46:59Z	33803560	93%	78961950421
